char,x,y,width,height,char_idx_in_line,line_idx,page,word
T,102.0,49,13.0,21,0,0,page_1_practice,This
h,115.0,49,13.0,21,1,0,page_1_practice,This
i,128.0,49,13.0,21,2,0,page_1_practice,This
s,141.0,49,13.0,21,3,0,page_1_practice,This
 ,154.0,49,13.0,21,4,0,page_1_practice,
w,167.0,49,13.0,21,5,0,page_1_practice,was
a,180.0,49,13.0,21,6,0,page_1_practice,was
s,193.0,49,13.0,21,7,0,page_1_practice,was
 ,206.0,49,13.0,21,8,0,page_1_practice,
t,219.0,49,13.0,21,9,0,page_1_practice,the
h,232.0,49,13.0,21,10,0,page_1_practice,the
e,245.0,49,13.0,21,11,0,page_1_practice,the
 ,258.0,49,13.0,21,12,0,page_1_practice,
h,271.0,49,13.0,21,13,0,page_1_practice,happy
a,284.0,49,13.0,21,14,0,page_1_practice,happy
p,297.0,49,13.0,21,15,0,page_1_practice,happy
p,310.0,49,13.0,21,16,0,page_1_practice,happy
y,323.0,49,13.0,21,17,0,page_1_practice,happy
 ,336.0,49,13.0,21,18,0,page_1_practice,
s,349.0,49,13.0,21,19,0,page_1_practice,side
i,362.0,49,13.0,21,20,0,page_1_practice,side
d,375.0,49,13.0,21,21,0,page_1_practice,side
e,388.0,49,13.0,21,22,0,page_1_practice,side
 ,401.0,49,13.0,21,23,0,page_1_practice,
o,414.0,49,13.0,21,24,0,page_1_practice,of
f,427.0,49,13.0,21,25,0,page_1_practice,of
 ,440.0,49,13.0,21,26,0,page_1_practice,
t,453.0,49,13.0,21,27,0,page_1_practice,the
h,466.0,49,13.0,21,28,0,page_1_practice,the
e,479.0,49,13.0,21,29,0,page_1_practice,the
 ,492.0,49,13.0,21,30,0,page_1_practice,
h,505.0,49,13.0,21,31,0,page_1_practice,"house,"
o,518.0,49,13.0,21,32,0,page_1_practice,"house,"
u,531.0,49,13.0,21,33,0,page_1_practice,"house,"
s,544.0,49,13.0,21,34,0,page_1_practice,"house,"
e,557.0,49,13.0,21,35,0,page_1_practice,"house,"
",",570.0,49,13.0,21,36,0,page_1_practice,"house,"
 ,583.0,49,13.0,21,37,0,page_1_practice,
f,596.0,49,13.0,21,38,0,page_1_practice,for
o,609.0,49,13.0,21,39,0,page_1_practice,for
r,622.0,49,13.0,21,40,0,page_1_practice,for
 ,635.0,49,13.0,21,41,0,page_1_practice,
t,648.0,49,13.0,21,42,0,page_1_practice,the
h,661.0,49,13.0,21,43,0,page_1_practice,the
e,674.0,49,13.0,21,44,0,page_1_practice,the
 ,687.0,49,13.0,21,45,0,page_1_practice,
s,700.0,49,13.0,21,46,0,page_1_practice,south
o,713.0,49,13.0,21,47,0,page_1_practice,south
u,726.0,49,13.0,21,48,0,page_1_practice,south
t,739.0,49,13.0,21,49,0,page_1_practice,south
h,752.0,49,13.0,21,50,0,page_1_practice,south
 ,765.0,49,13.0,21,51,0,page_1_practice,
a,778.0,49,13.0,21,52,0,page_1_practice,and
n,791.0,49,13.0,21,53,0,page_1_practice,and
d,804.0,49,13.0,21,54,0,page_1_practice,and
 ,817.0,49,13.0,21,55,0,page_1_practice,
e,830.0,49,13.0,21,56,0,page_1_practice,east
a,843.0,49,13.0,21,57,0,page_1_practice,east
s,856.0,49,13.0,21,58,0,page_1_practice,east
t,869.0,49,13.0,21,59,0,page_1_practice,east
 ,882.0,49,13.0,21,60,0,page_1_practice,
l,895.0,49,13.0,21,61,0,page_1_practice,looked
o,908.0,49,13.0,21,62,0,page_1_practice,looked
o,921.0,49,13.0,21,63,0,page_1_practice,looked
k,934.0,49,13.0,21,64,0,page_1_practice,looked
e,947.0,49,13.0,21,65,0,page_1_practice,looked
d,960.0,49,13.0,21,66,0,page_1_practice,looked
 ,973.0,49,13.0,21,67,0,page_1_practice,
r,986.0,49,13.0,21,68,0,page_1_practice,rather
a,999.0,49,13.0,21,69,0,page_1_practice,rather
t,1012.0,49,13.0,21,70,0,page_1_practice,rather
h,1025.0,49,13.0,21,71,0,page_1_practice,rather
e,1038.0,49,13.0,21,72,0,page_1_practice,rather
r,1051.0,49,13.0,21,73,0,page_1_practice,rather
m,102.0,148,13.0,21,0,2,page_1_practice,melancholy
e,115.0,148,13.0,21,1,2,page_1_practice,melancholy
l,128.0,148,13.0,21,2,2,page_1_practice,melancholy
a,141.0,148,13.0,21,3,2,page_1_practice,melancholy
n,154.0,148,13.0,21,4,2,page_1_practice,melancholy
c,167.0,148,13.0,21,5,2,page_1_practice,melancholy
h,180.0,148,13.0,21,6,2,page_1_practice,melancholy
o,193.0,148,13.0,21,7,2,page_1_practice,melancholy
l,206.0,148,13.0,21,8,2,page_1_practice,melancholy
y,219.0,148,13.0,21,9,2,page_1_practice,melancholy
 ,232.0,148,13.0,21,10,2,page_1_practice,
e,245.0,148,13.0,21,11,2,page_1_practice,even
v,258.0,148,13.0,21,12,2,page_1_practice,even
e,271.0,148,13.0,21,13,2,page_1_practice,even
n,284.0,148,13.0,21,14,2,page_1_practice,even
 ,297.0,148,13.0,21,15,2,page_1_practice,
u,310.0,148,13.0,21,16,2,page_1_practice,under
n,323.0,148,13.0,21,17,2,page_1_practice,under
d,336.0,148,13.0,21,18,2,page_1_practice,under
e,349.0,148,13.0,21,19,2,page_1_practice,under
r,362.0,148,13.0,21,20,2,page_1_practice,under
 ,375.0,148,13.0,21,21,2,page_1_practice,
t,388.0,148,13.0,21,22,2,page_1_practice,the
h,401.0,148,13.0,21,23,2,page_1_practice,the
e,414.0,148,13.0,21,24,2,page_1_practice,the
 ,427.0,148,13.0,21,25,2,page_1_practice,
b,440.0,148,13.0,21,26,2,page_1_practice,brightest
r,453.0,148,13.0,21,27,2,page_1_practice,brightest
i,466.0,148,13.0,21,28,2,page_1_practice,brightest
g,479.0,148,13.0,21,29,2,page_1_practice,brightest
h,492.0,148,13.0,21,30,2,page_1_practice,brightest
t,505.0,148,13.0,21,31,2,page_1_practice,brightest
e,518.0,148,13.0,21,32,2,page_1_practice,brightest
s,531.0,148,13.0,21,33,2,page_1_practice,brightest
t,544.0,148,13.0,21,34,2,page_1_practice,brightest
 ,557.0,148,13.0,21,35,2,page_1_practice,
m,570.0,148,13.0,21,36,2,page_1_practice,morning.
o,583.0,148,13.0,21,37,2,page_1_practice,morning.
r,596.0,148,13.0,21,38,2,page_1_practice,morning.
n,609.0,148,13.0,21,39,2,page_1_practice,morning.
i,622.0,148,13.0,21,40,2,page_1_practice,morning.
n,635.0,148,13.0,21,41,2,page_1_practice,morning.
g,648.0,148,13.0,21,42,2,page_1_practice,morning.
.,661.0,148,13.0,21,43,2,page_1_practice,morning.
 ,674.0,148,13.0,21,44,2,page_1_practice,
T,687.0,148,13.0,21,45,2,page_1_practice,The
h,700.0,148,13.0,21,46,2,page_1_practice,The
e,713.0,148,13.0,21,47,2,page_1_practice,The
 ,726.0,148,13.0,21,48,2,page_1_practice,
g,739.0,148,13.0,21,49,2,page_1_practice,grounds
r,752.0,148,13.0,21,50,2,page_1_practice,grounds
o,765.0,148,13.0,21,51,2,page_1_practice,grounds
u,778.0,148,13.0,21,52,2,page_1_practice,grounds
n,791.0,148,13.0,21,53,2,page_1_practice,grounds
d,804.0,148,13.0,21,54,2,page_1_practice,grounds
s,817.0,148,13.0,21,55,2,page_1_practice,grounds
 ,830.0,148,13.0,21,56,2,page_1_practice,
h,843.0,148,13.0,21,57,2,page_1_practice,here
e,856.0,148,13.0,21,58,2,page_1_practice,here
r,869.0,148,13.0,21,59,2,page_1_practice,here
e,882.0,148,13.0,21,60,2,page_1_practice,here
 ,895.0,148,13.0,21,61,2,page_1_practice,
w,908.0,148,13.0,21,62,2,page_1_practice,were
e,921.0,148,13.0,21,63,2,page_1_practice,were
r,934.0,148,13.0,21,64,2,page_1_practice,were
e,947.0,148,13.0,21,65,2,page_1_practice,were
 ,960.0,148,13.0,21,66,2,page_1_practice,
m,973.0,148,13.0,21,67,2,page_1_practice,more
o,986.0,148,13.0,21,68,2,page_1_practice,more
r,999.0,148,13.0,21,69,2,page_1_practice,more
e,1012.0,148,13.0,21,70,2,page_1_practice,more
 ,1025.0,148,13.0,21,71,2,page_1_practice,
c,1038.0,148,13.0,21,72,2,page_1_practice,"confined,"
o,1051.0,148,13.0,21,73,2,page_1_practice,"confined,"
n,1064.0,148,13.0,21,74,2,page_1_practice,"confined,"
f,1077.0,148,13.0,21,75,2,page_1_practice,"confined,"
i,1090.0,148,13.0,21,76,2,page_1_practice,"confined,"
n,1103.0,148,13.0,21,77,2,page_1_practice,"confined,"
e,1116.0,148,13.0,21,78,2,page_1_practice,"confined,"
d,1129.0,148,13.0,21,79,2,page_1_practice,"confined,"
",",1142.0,148,13.0,21,80,2,page_1_practice,"confined,"
t,102.0,247,13.0,21,0,4,page_1_practice,the
h,115.0,247,13.0,21,1,4,page_1_practice,the
e,128.0,247,13.0,21,2,4,page_1_practice,the
 ,141.0,247,13.0,21,3,4,page_1_practice,
f,154.0,247,13.0,21,4,4,page_1_practice,flower-beds
l,167.0,247,13.0,21,5,4,page_1_practice,flower-beds
o,180.0,247,13.0,21,6,4,page_1_practice,flower-beds
w,193.0,247,13.0,21,7,4,page_1_practice,flower-beds
e,206.0,247,13.0,21,8,4,page_1_practice,flower-beds
r,219.0,247,13.0,21,9,4,page_1_practice,flower-beds
-,232.0,247,13.0,21,10,4,page_1_practice,flower-beds
b,245.0,247,13.0,21,11,4,page_1_practice,flower-beds
e,258.0,247,13.0,21,12,4,page_1_practice,flower-beds
d,271.0,247,13.0,21,13,4,page_1_practice,flower-beds
s,284.0,247,13.0,21,14,4,page_1_practice,flower-beds
 ,297.0,247,13.0,21,15,4,page_1_practice,
s,310.0,247,13.0,21,16,4,page_1_practice,showed
h,323.0,247,13.0,21,17,4,page_1_practice,showed
o,336.0,247,13.0,21,18,4,page_1_practice,showed
w,349.0,247,13.0,21,19,4,page_1_practice,showed
e,362.0,247,13.0,21,20,4,page_1_practice,showed
d,375.0,247,13.0,21,21,4,page_1_practice,showed
 ,388.0,247,13.0,21,22,4,page_1_practice,
n,401.0,247,13.0,21,23,4,page_1_practice,no
o,414.0,247,13.0,21,24,4,page_1_practice,no
 ,427.0,247,13.0,21,25,4,page_1_practice,
v,440.0,247,13.0,21,26,4,page_1_practice,very
e,453.0,247,13.0,21,27,4,page_1_practice,very
r,466.0,247,13.0,21,28,4,page_1_practice,very
y,479.0,247,13.0,21,29,4,page_1_practice,very
 ,492.0,247,13.0,21,30,4,page_1_practice,
c,505.0,247,13.0,21,31,4,page_1_practice,careful
a,518.0,247,13.0,21,32,4,page_1_practice,careful
r,531.0,247,13.0,21,33,4,page_1_practice,careful
e,544.0,247,13.0,21,34,4,page_1_practice,careful
f,557.0,247,13.0,21,35,4,page_1_practice,careful
u,570.0,247,13.0,21,36,4,page_1_practice,careful
l,583.0,247,13.0,21,37,4,page_1_practice,careful
 ,596.0,247,13.0,21,38,4,page_1_practice,
t,609.0,247,13.0,21,39,4,page_1_practice,"tendance,"
e,622.0,247,13.0,21,40,4,page_1_practice,"tendance,"
n,635.0,247,13.0,21,41,4,page_1_practice,"tendance,"
d,648.0,247,13.0,21,42,4,page_1_practice,"tendance,"
a,661.0,247,13.0,21,43,4,page_1_practice,"tendance,"
n,674.0,247,13.0,21,44,4,page_1_practice,"tendance,"
c,687.0,247,13.0,21,45,4,page_1_practice,"tendance,"
e,700.0,247,13.0,21,46,4,page_1_practice,"tendance,"
",",713.0,247,13.0,21,47,4,page_1_practice,"tendance,"
 ,726.0,247,13.0,21,48,4,page_1_practice,
a,739.0,247,13.0,21,49,4,page_1_practice,and
n,752.0,247,13.0,21,50,4,page_1_practice,and
d,765.0,247,13.0,21,51,4,page_1_practice,and
 ,778.0,247,13.0,21,52,4,page_1_practice,
l,791.0,247,13.0,21,53,4,page_1_practice,large
a,804.0,247,13.0,21,54,4,page_1_practice,large
r,817.0,247,13.0,21,55,4,page_1_practice,large
g,830.0,247,13.0,21,56,4,page_1_practice,large
e,843.0,247,13.0,21,57,4,page_1_practice,large
 ,856.0,247,13.0,21,58,4,page_1_practice,
c,869.0,247,13.0,21,59,4,page_1_practice,clumps
l,882.0,247,13.0,21,60,4,page_1_practice,clumps
u,895.0,247,13.0,21,61,4,page_1_practice,clumps
m,908.0,247,13.0,21,62,4,page_1_practice,clumps
p,921.0,247,13.0,21,63,4,page_1_practice,clumps
s,934.0,247,13.0,21,64,4,page_1_practice,clumps
 ,947.0,247,13.0,21,65,4,page_1_practice,
o,960.0,247,13.0,21,66,4,page_1_practice,of
f,973.0,247,13.0,21,67,4,page_1_practice,of
 ,986.0,247,13.0,21,68,4,page_1_practice,
t,999.0,247,13.0,21,69,4,page_1_practice,"trees,"
r,1012.0,247,13.0,21,70,4,page_1_practice,"trees,"
e,1025.0,247,13.0,21,71,4,page_1_practice,"trees,"
e,1038.0,247,13.0,21,72,4,page_1_practice,"trees,"
s,1051.0,247,13.0,21,73,4,page_1_practice,"trees,"
",",1064.0,247,13.0,21,74,4,page_1_practice,"trees,"
 ,1077.0,247,13.0,21,75,4,page_1_practice,
c,1090.0,247,13.0,21,76,4,page_1_practice,chiefly
h,1103.0,247,13.0,21,77,4,page_1_practice,chiefly
i,1116.0,247,13.0,21,78,4,page_1_practice,chiefly
e,1129.0,247,13.0,21,79,4,page_1_practice,chiefly
f,1142.0,247,13.0,21,80,4,page_1_practice,chiefly
l,1155.0,247,13.0,21,81,4,page_1_practice,chiefly
y,1168.0,247,13.0,21,82,4,page_1_practice,chiefly
o,102.0,346,13.0,21,0,6,page_1_practice,of
f,115.0,346,13.0,21,1,6,page_1_practice,of
 ,128.0,346,13.0,21,2,6,page_1_practice,
s,141.0,346,13.0,21,3,6,page_1_practice,sombre
o,154.0,346,13.0,21,4,6,page_1_practice,sombre
m,167.0,346,13.0,21,5,6,page_1_practice,sombre
b,180.0,346,13.0,21,6,6,page_1_practice,sombre
r,193.0,346,13.0,21,7,6,page_1_practice,sombre
e,206.0,346,13.0,21,8,6,page_1_practice,sombre
 ,219.0,346,13.0,21,9,6,page_1_practice,
y,232.0,346,13.0,21,10,6,page_1_practice,"yews,"
e,245.0,346,13.0,21,11,6,page_1_practice,"yews,"
w,258.0,346,13.0,21,12,6,page_1_practice,"yews,"
s,271.0,346,13.0,21,13,6,page_1_practice,"yews,"
",",284.0,346,13.0,21,14,6,page_1_practice,"yews,"
 ,297.0,346,13.0,21,15,6,page_1_practice,
h,310.0,346,13.0,21,16,6,page_1_practice,had
a,323.0,346,13.0,21,17,6,page_1_practice,had
d,336.0,346,13.0,21,18,6,page_1_practice,had
 ,349.0,346,13.0,21,19,6,page_1_practice,
r,362.0,346,13.0,21,20,6,page_1_practice,risen
i,375.0,346,13.0,21,21,6,page_1_practice,risen
s,388.0,346,13.0,21,22,6,page_1_practice,risen
e,401.0,346,13.0,21,23,6,page_1_practice,risen
n,414.0,346,13.0,21,24,6,page_1_practice,risen
 ,427.0,346,13.0,21,25,6,page_1_practice,
h,440.0,346,13.0,21,26,6,page_1_practice,"high,"
i,453.0,346,13.0,21,27,6,page_1_practice,"high,"
g,466.0,346,13.0,21,28,6,page_1_practice,"high,"
h,479.0,346,13.0,21,29,6,page_1_practice,"high,"
",",492.0,346,13.0,21,30,6,page_1_practice,"high,"
 ,505.0,346,13.0,21,31,6,page_1_practice,
n,518.0,346,13.0,21,32,6,page_1_practice,not
o,531.0,346,13.0,21,33,6,page_1_practice,not
t,544.0,346,13.0,21,34,6,page_1_practice,not
 ,557.0,346,13.0,21,35,6,page_1_practice,
t,570.0,346,13.0,21,36,6,page_1_practice,ten
e,583.0,346,13.0,21,37,6,page_1_practice,ten
n,596.0,346,13.0,21,38,6,page_1_practice,ten
 ,609.0,346,13.0,21,39,6,page_1_practice,
y,622.0,346,13.0,21,40,6,page_1_practice,yards
a,635.0,346,13.0,21,41,6,page_1_practice,yards
r,648.0,346,13.0,21,42,6,page_1_practice,yards
d,661.0,346,13.0,21,43,6,page_1_practice,yards
s,674.0,346,13.0,21,44,6,page_1_practice,yards
 ,687.0,346,13.0,21,45,6,page_1_practice,
f,700.0,346,13.0,21,46,6,page_1_practice,from
r,713.0,346,13.0,21,47,6,page_1_practice,from
o,726.0,346,13.0,21,48,6,page_1_practice,from
m,739.0,346,13.0,21,49,6,page_1_practice,from
 ,752.0,346,13.0,21,50,6,page_1_practice,
t,765.0,346,13.0,21,51,6,page_1_practice,the
h,778.0,346,13.0,21,52,6,page_1_practice,the
e,791.0,346,13.0,21,53,6,page_1_practice,the
 ,804.0,346,13.0,21,54,6,page_1_practice,
w,817.0,346,13.0,21,55,6,page_1_practice,windows.
i,830.0,346,13.0,21,56,6,page_1_practice,windows.
n,843.0,346,13.0,21,57,6,page_1_practice,windows.
d,856.0,346,13.0,21,58,6,page_1_practice,windows.
o,869.0,346,13.0,21,59,6,page_1_practice,windows.
w,882.0,346,13.0,21,60,6,page_1_practice,windows.
s,895.0,346,13.0,21,61,6,page_1_practice,windows.
.,908.0,346,13.0,21,62,6,page_1_practice,windows.
 ,921.0,346,13.0,21,63,6,page_1_practice,
T,934.0,346,13.0,21,64,6,page_1_practice,The
h,947.0,346,13.0,21,65,6,page_1_practice,The
e,960.0,346,13.0,21,66,6,page_1_practice,The
 ,973.0,346,13.0,21,67,6,page_1_practice,
b,986.0,346,13.0,21,68,6,page_1_practice,"building,"
u,999.0,346,13.0,21,69,6,page_1_practice,"building,"
i,1012.0,346,13.0,21,70,6,page_1_practice,"building,"
l,1025.0,346,13.0,21,71,6,page_1_practice,"building,"
d,1038.0,346,13.0,21,72,6,page_1_practice,"building,"
i,1051.0,346,13.0,21,73,6,page_1_practice,"building,"
n,1064.0,346,13.0,21,74,6,page_1_practice,"building,"
g,1077.0,346,13.0,21,75,6,page_1_practice,"building,"
",",1090.0,346,13.0,21,76,6,page_1_practice,"building,"
 ,1103.0,346,13.0,21,77,6,page_1_practice,
o,1116.0,346,13.0,21,78,6,page_1_practice,of
f,1129.0,346,13.0,21,79,6,page_1_practice,of
g,102.0,445,13.0,21,0,8,page_1_practice,greenish
r,115.0,445,13.0,21,1,8,page_1_practice,greenish
e,128.0,445,13.0,21,2,8,page_1_practice,greenish
e,141.0,445,13.0,21,3,8,page_1_practice,greenish
n,154.0,445,13.0,21,4,8,page_1_practice,greenish
i,167.0,445,13.0,21,5,8,page_1_practice,greenish
s,180.0,445,13.0,21,6,8,page_1_practice,greenish
h,193.0,445,13.0,21,7,8,page_1_practice,greenish
 ,206.0,445,13.0,21,8,8,page_1_practice,
s,219.0,445,13.0,21,9,8,page_1_practice,"stone,"
t,232.0,445,13.0,21,10,8,page_1_practice,"stone,"
o,245.0,445,13.0,21,11,8,page_1_practice,"stone,"
n,258.0,445,13.0,21,12,8,page_1_practice,"stone,"
e,271.0,445,13.0,21,13,8,page_1_practice,"stone,"
",",284.0,445,13.0,21,14,8,page_1_practice,"stone,"
 ,297.0,445,13.0,21,15,8,page_1_practice,
w,310.0,445,13.0,21,16,8,page_1_practice,was
a,323.0,445,13.0,21,17,8,page_1_practice,was
s,336.0,445,13.0,21,18,8,page_1_practice,was
 ,349.0,445,13.0,21,19,8,page_1_practice,
i,362.0,445,13.0,21,20,8,page_1_practice,in
n,375.0,445,13.0,21,21,8,page_1_practice,in
 ,388.0,445,13.0,21,22,8,page_1_practice,
t,401.0,445,13.0,21,23,8,page_1_practice,the
h,414.0,445,13.0,21,24,8,page_1_practice,the
e,427.0,445,13.0,21,25,8,page_1_practice,the
 ,440.0,445,13.0,21,26,8,page_1_practice,
o,453.0,445,13.0,21,27,8,page_1_practice,old
l,466.0,445,13.0,21,28,8,page_1_practice,old
d,479.0,445,13.0,21,29,8,page_1_practice,old
 ,492.0,445,13.0,21,30,8,page_1_practice,
E,505.0,445,13.0,21,31,8,page_1_practice,English
n,518.0,445,13.0,21,32,8,page_1_practice,English
g,531.0,445,13.0,21,33,8,page_1_practice,English
l,544.0,445,13.0,21,34,8,page_1_practice,English
i,557.0,445,13.0,21,35,8,page_1_practice,English
s,570.0,445,13.0,21,36,8,page_1_practice,English
h,583.0,445,13.0,21,37,8,page_1_practice,English
 ,596.0,445,13.0,21,38,8,page_1_practice,
s,609.0,445,13.0,21,39,8,page_1_practice,"style,"
t,622.0,445,13.0,21,40,8,page_1_practice,"style,"
y,635.0,445,13.0,21,41,8,page_1_practice,"style,"
l,648.0,445,13.0,21,42,8,page_1_practice,"style,"
e,661.0,445,13.0,21,43,8,page_1_practice,"style,"
",",674.0,445,13.0,21,44,8,page_1_practice,"style,"
 ,687.0,445,13.0,21,45,8,page_1_practice,
n,700.0,445,13.0,21,46,8,page_1_practice,not
o,713.0,445,13.0,21,47,8,page_1_practice,not
t,726.0,445,13.0,21,48,8,page_1_practice,not
 ,739.0,445,13.0,21,49,8,page_1_practice,
u,752.0,445,13.0,21,50,8,page_1_practice,"ugly,"
g,765.0,445,13.0,21,51,8,page_1_practice,"ugly,"
l,778.0,445,13.0,21,52,8,page_1_practice,"ugly,"
y,791.0,445,13.0,21,53,8,page_1_practice,"ugly,"
",",804.0,445,13.0,21,54,8,page_1_practice,"ugly,"
 ,817.0,445,13.0,21,55,8,page_1_practice,
b,830.0,445,13.0,21,56,8,page_1_practice,but
u,843.0,445,13.0,21,57,8,page_1_practice,but
t,856.0,445,13.0,21,58,8,page_1_practice,but
 ,869.0,445,13.0,21,59,8,page_1_practice,
s,882.0,445,13.0,21,60,8,page_1_practice,small-windowed
m,895.0,445,13.0,21,61,8,page_1_practice,small-windowed
a,908.0,445,13.0,21,62,8,page_1_practice,small-windowed
l,921.0,445,13.0,21,63,8,page_1_practice,small-windowed
l,934.0,445,13.0,21,64,8,page_1_practice,small-windowed
-,947.0,445,13.0,21,65,8,page_1_practice,small-windowed
w,960.0,445,13.0,21,66,8,page_1_practice,small-windowed
i,973.0,445,13.0,21,67,8,page_1_practice,small-windowed
n,986.0,445,13.0,21,68,8,page_1_practice,small-windowed
d,999.0,445,13.0,21,69,8,page_1_practice,small-windowed
o,1012.0,445,13.0,21,70,8,page_1_practice,small-windowed
w,1025.0,445,13.0,21,71,8,page_1_practice,small-windowed
e,1038.0,445,13.0,21,72,8,page_1_practice,small-windowed
d,1051.0,445,13.0,21,73,8,page_1_practice,small-windowed
 ,1064.0,445,13.0,21,74,8,page_1_practice,
a,1077.0,445,13.0,21,75,8,page_1_practice,and
n,1090.0,445,13.0,21,76,8,page_1_practice,and
d,1103.0,445,13.0,21,77,8,page_1_practice,and
m,102.0,544,13.0,21,0,10,page_1_practice,melancholy-looking:
e,115.0,544,13.0,21,1,10,page_1_practice,melancholy-looking:
l,128.0,544,13.0,21,2,10,page_1_practice,melancholy-looking:
a,141.0,544,13.0,21,3,10,page_1_practice,melancholy-looking:
n,154.0,544,13.0,21,4,10,page_1_practice,melancholy-looking:
c,167.0,544,13.0,21,5,10,page_1_practice,melancholy-looking:
h,180.0,544,13.0,21,6,10,page_1_practice,melancholy-looking:
o,193.0,544,13.0,21,7,10,page_1_practice,melancholy-looking:
l,206.0,544,13.0,21,8,10,page_1_practice,melancholy-looking:
y,219.0,544,13.0,21,9,10,page_1_practice,melancholy-looking:
-,232.0,544,13.0,21,10,10,page_1_practice,melancholy-looking:
l,245.0,544,13.0,21,11,10,page_1_practice,melancholy-looking:
o,258.0,544,13.0,21,12,10,page_1_practice,melancholy-looking:
o,271.0,544,13.0,21,13,10,page_1_practice,melancholy-looking:
k,284.0,544,13.0,21,14,10,page_1_practice,melancholy-looking:
i,297.0,544,13.0,21,15,10,page_1_practice,melancholy-looking:
n,310.0,544,13.0,21,16,10,page_1_practice,melancholy-looking:
g,323.0,544,13.0,21,17,10,page_1_practice,melancholy-looking:
:,336.0,544,13.0,21,18,10,page_1_practice,melancholy-looking:
 ,349.0,544,13.0,21,19,10,page_1_practice,
t,362.0,544,13.0,21,20,10,page_1_practice,the
h,375.0,544,13.0,21,21,10,page_1_practice,the
e,388.0,544,13.0,21,22,10,page_1_practice,the
 ,401.0,544,13.0,21,23,10,page_1_practice,
s,414.0,544,13.0,21,24,10,page_1_practice,sort
o,427.0,544,13.0,21,25,10,page_1_practice,sort
r,440.0,544,13.0,21,26,10,page_1_practice,sort
t,453.0,544,13.0,21,27,10,page_1_practice,sort
 ,466.0,544,13.0,21,28,10,page_1_practice,
o,479.0,544,13.0,21,29,10,page_1_practice,of
f,492.0,544,13.0,21,30,10,page_1_practice,of
 ,505.0,544,13.0,21,31,10,page_1_practice,
h,518.0,544,13.0,21,32,10,page_1_practice,house
o,531.0,544,13.0,21,33,10,page_1_practice,house
u,544.0,544,13.0,21,34,10,page_1_practice,house
s,557.0,544,13.0,21,35,10,page_1_practice,house
e,570.0,544,13.0,21,36,10,page_1_practice,house
 ,583.0,544,13.0,21,37,10,page_1_practice,
t,596.0,544,13.0,21,38,10,page_1_practice,that
h,609.0,544,13.0,21,39,10,page_1_practice,that
a,622.0,544,13.0,21,40,10,page_1_practice,that
t,635.0,544,13.0,21,41,10,page_1_practice,that
 ,648.0,544,13.0,21,42,10,page_1_practice,
m,661.0,544,13.0,21,43,10,page_1_practice,must
u,674.0,544,13.0,21,44,10,page_1_practice,must
s,687.0,544,13.0,21,45,10,page_1_practice,must
t,700.0,544,13.0,21,46,10,page_1_practice,must
 ,713.0,544,13.0,21,47,10,page_1_practice,
h,726.0,544,13.0,21,48,10,page_1_practice,have
a,739.0,544,13.0,21,49,10,page_1_practice,have
v,752.0,544,13.0,21,50,10,page_1_practice,have
e,765.0,544,13.0,21,51,10,page_1_practice,have
 ,778.0,544,13.0,21,52,10,page_1_practice,
c,791.0,544,13.0,21,53,10,page_1_practice,"children,"
h,804.0,544,13.0,21,54,10,page_1_practice,"children,"
i,817.0,544,13.0,21,55,10,page_1_practice,"children,"
l,830.0,544,13.0,21,56,10,page_1_practice,"children,"
d,843.0,544,13.0,21,57,10,page_1_practice,"children,"
r,856.0,544,13.0,21,58,10,page_1_practice,"children,"
e,869.0,544,13.0,21,59,10,page_1_practice,"children,"
n,882.0,544,13.0,21,60,10,page_1_practice,"children,"
",",895.0,544,13.0,21,61,10,page_1_practice,"children,"
 ,908.0,544,13.0,21,62,10,page_1_practice,
m,921.0,544,13.0,21,63,10,page_1_practice,many
a,934.0,544,13.0,21,64,10,page_1_practice,many
n,947.0,544,13.0,21,65,10,page_1_practice,many
y,960.0,544,13.0,21,66,10,page_1_practice,many
 ,973.0,544,13.0,21,67,10,page_1_practice,
f,986.0,544,13.0,21,68,10,page_1_practice,"flowers,"
l,999.0,544,13.0,21,69,10,page_1_practice,"flowers,"
o,1012.0,544,13.0,21,70,10,page_1_practice,"flowers,"
w,1025.0,544,13.0,21,71,10,page_1_practice,"flowers,"
e,1038.0,544,13.0,21,72,10,page_1_practice,"flowers,"
r,1051.0,544,13.0,21,73,10,page_1_practice,"flowers,"
s,1064.0,544,13.0,21,74,10,page_1_practice,"flowers,"
",",1077.0,544,13.0,21,75,10,page_1_practice,"flowers,"
 ,1090.0,544,13.0,21,76,10,page_1_practice,
o,1103.0,544,13.0,21,77,10,page_1_practice,open
p,1116.0,544,13.0,21,78,10,page_1_practice,open
e,1129.0,544,13.0,21,79,10,page_1_practice,open
n,1142.0,544,13.0,21,80,10,page_1_practice,open
w,102.0,643,13.0,21,0,12,page_1_practice,"windows,"
i,115.0,643,13.0,21,1,12,page_1_practice,"windows,"
n,128.0,643,13.0,21,2,12,page_1_practice,"windows,"
d,141.0,643,13.0,21,3,12,page_1_practice,"windows,"
o,154.0,643,13.0,21,4,12,page_1_practice,"windows,"
w,167.0,643,13.0,21,5,12,page_1_practice,"windows,"
s,180.0,643,13.0,21,6,12,page_1_practice,"windows,"
",",193.0,643,13.0,21,7,12,page_1_practice,"windows,"
 ,206.0,643,13.0,21,8,12,page_1_practice,
a,219.0,643,13.0,21,9,12,page_1_practice,and
n,232.0,643,13.0,21,10,12,page_1_practice,and
d,245.0,643,13.0,21,11,12,page_1_practice,and
 ,258.0,643,13.0,21,12,12,page_1_practice,
l,271.0,643,13.0,21,13,12,page_1_practice,little
i,284.0,643,13.0,21,14,12,page_1_practice,little
t,297.0,643,13.0,21,15,12,page_1_practice,little
t,310.0,643,13.0,21,16,12,page_1_practice,little
l,323.0,643,13.0,21,17,12,page_1_practice,little
e,336.0,643,13.0,21,18,12,page_1_practice,little
 ,349.0,643,13.0,21,19,12,page_1_practice,
v,362.0,643,13.0,21,20,12,page_1_practice,vistas
i,375.0,643,13.0,21,21,12,page_1_practice,vistas
s,388.0,643,13.0,21,22,12,page_1_practice,vistas
t,401.0,643,13.0,21,23,12,page_1_practice,vistas
a,414.0,643,13.0,21,24,12,page_1_practice,vistas
s,427.0,643,13.0,21,25,12,page_1_practice,vistas
 ,440.0,643,13.0,21,26,12,page_1_practice,
o,453.0,643,13.0,21,27,12,page_1_practice,of
f,466.0,643,13.0,21,28,12,page_1_practice,of
 ,479.0,643,13.0,21,29,12,page_1_practice,
b,492.0,643,13.0,21,30,12,page_1_practice,bright
r,505.0,643,13.0,21,31,12,page_1_practice,bright
i,518.0,643,13.0,21,32,12,page_1_practice,bright
g,531.0,643,13.0,21,33,12,page_1_practice,bright
h,544.0,643,13.0,21,34,12,page_1_practice,bright
t,557.0,643,13.0,21,35,12,page_1_practice,bright
 ,570.0,643,13.0,21,36,12,page_1_practice,
t,583.0,643,13.0,21,37,12,page_1_practice,"things,"
h,596.0,643,13.0,21,38,12,page_1_practice,"things,"
i,609.0,643,13.0,21,39,12,page_1_practice,"things,"
n,622.0,643,13.0,21,40,12,page_1_practice,"things,"
g,635.0,643,13.0,21,41,12,page_1_practice,"things,"
s,648.0,643,13.0,21,42,12,page_1_practice,"things,"
",",661.0,643,13.0,21,43,12,page_1_practice,"things,"
 ,674.0,643,13.0,21,44,12,page_1_practice,
t,687.0,643,13.0,21,45,12,page_1_practice,to
o,700.0,643,13.0,21,46,12,page_1_practice,to
 ,713.0,643,13.0,21,47,12,page_1_practice,
m,726.0,643,13.0,21,48,12,page_1_practice,make
a,739.0,643,13.0,21,49,12,page_1_practice,make
k,752.0,643,13.0,21,50,12,page_1_practice,make
e,765.0,643,13.0,21,51,12,page_1_practice,make
 ,778.0,643,13.0,21,52,12,page_1_practice,
i,791.0,643,13.0,21,53,12,page_1_practice,it
t,804.0,643,13.0,21,54,12,page_1_practice,it
 ,817.0,643,13.0,21,55,12,page_1_practice,
s,830.0,643,13.0,21,56,12,page_1_practice,seem
e,843.0,643,13.0,21,57,12,page_1_practice,seem
e,856.0,643,13.0,21,58,12,page_1_practice,seem
m,869.0,643,13.0,21,59,12,page_1_practice,seem
 ,882.0,643,13.0,21,60,12,page_1_practice,
a,895.0,643,13.0,21,61,12,page_1_practice,a
 ,908.0,643,13.0,21,62,12,page_1_practice,
j,921.0,643,13.0,21,63,12,page_1_practice,joyous
o,934.0,643,13.0,21,64,12,page_1_practice,joyous
y,947.0,643,13.0,21,65,12,page_1_practice,joyous
o,960.0,643,13.0,21,66,12,page_1_practice,joyous
u,973.0,643,13.0,21,67,12,page_1_practice,joyous
s,986.0,643,13.0,21,68,12,page_1_practice,joyous
 ,999.0,643,13.0,21,69,12,page_1_practice,
h,1012.0,643,13.0,21,70,12,page_1_practice,home.
o,1025.0,643,13.0,21,71,12,page_1_practice,home.
m,1038.0,643,13.0,21,72,12,page_1_practice,home.
e,1051.0,643,13.0,21,73,12,page_1_practice,home.
.,1064.0,643,13.0,21,74,12,page_1_practice,home.
